task_id,exact_match,first_divergence_turn_a,root_cause_a,shorter_path_verdict_a,observation_used_correctly_a,reward_ordering_correct_a,responsible_reward_component_a,recommended_fix_a,first_divergence_turn_b,root_cause_b,shorter_path_verdict_b,observation_used_correctly_b,reward_ordering_correct_b,responsible_reward_component_b,recommended_fix_b,confidence_diff
00830acf-eda7-4310-8396-aff5f243860e,False,1,initial_tool_selection,invalid,,True,terminal_outcome,tool_selection_data,1,initial_tool_selection,not_applicable,,True,tool_name,tool_selection_data,0.09999999999999998
01cb6e48-053d-4af1-a500-bb21f6ee84bb,False,1,valid_shorter_path,valid,True,False,terminal_outcome,terminal_classification,1,initial_tool_selection,valid,True,False,call_count,credit_assignment,0.0
020f129c-336e-41a2-97a2-5f2dc6ddd3f4,False,,valid_shorter_path,valid,True,False,call_count,outcome_reward,,valid_shorter_path,valid,True,False,call_count,credit_assignment,0.0
02294fa2-cc75-4e2e-8fb7-1cea86c7e1a6,False,1,initial_tool_selection,invalid,,False,terminal_outcome,outcome_reward,1,argument_values,invalid,False,False,argument_values,observation_grounding_data,0.0
0308c795-2a66-4896-b45f-cf509a266c3e,False,2,later_tool_selection,invalid,True,True,tool_name,tool_selection_data,2,argument_values,invalid,True,True,argument_values,observation_grounding_data,0.0
0335ed3e-e613-420b-a07a-9d481b2a791e,False,2,valid_shorter_path,valid,True,False,call_count,outcome_reward,2,wrong_final_answer,not_applicable,True,False,terminal_outcome,outcome_reward,0.09999999999999998
037ab7a7-2503-4a04-9bde-f2d81c184790,True,1,argument_values,valid,True,False,call_count,credit_assignment,1,argument_values,valid,True,False,call_count,credit_assignment,0.0
04bd68f8-3e77-4cda-b43f-c42616d95d33,False,1,valid_shorter_path,valid,True,False,call_count,credit_assignment,1,argument_values,invalid,True,False,argument_values,process_reward,0.04999999999999993
05ec87ae-0659-42c3-82e8-a0645c4a70df,False,,valid_shorter_path,valid,True,False,call_count,credit_assignment,,valid_shorter_path,valid,,True,none,no_change,0.0
064e9802-1efb-452f-9e16-22dcb17606a9,False,1,initial_tool_selection,not_applicable,,True,tool_name,tool_selection_data,,initial_tool_selection,not_applicable,,True,tool_name,tool_selection_data,0.0
07421ac8-4030-4262-a84f-8f2ef84d6010,False,2,argument_values,not_applicable,True,False,terminal_outcome,outcome_reward,2,wrong_final_answer,not_applicable,True,False,terminal_outcome,terminal_classification,0.09999999999999998
0a5bee61-0e2f-49fc-a0d1-e303c980f6de,False,,initial_tool_selection,invalid,,True,terminal_outcome,tool_selection_data,,unclear,not_applicable,,,unclear,unclear,1.0
0c2bb42b-09bd-41c8-b1c3-a3e0aec4c077,False,1,initial_tool_selection,valid,True,True,call_count,credit_assignment,1,initial_tool_selection,valid,,True,tool_name,no_change,0.04999999999999993
0c3f5a6d-1aec-4d52-9310-c0e0ab651fef,True,1,premature_stop,invalid,,True,call_count,tool_selection_data,1,premature_stop,invalid,,True,call_count,tool_selection_data,0.050000000000000044
0edcb8a5-990e-4830-b55e-f920ac2ec474,False,1,valid_shorter_path,valid,True,False,call_count,credit_assignment,1,reward_mismatch,valid,True,False,call_count,credit_assignment,0.0
0f1d3aca-4e40-45a9-b1e8-9ef76e1e1cd2,True,3,premature_stop,invalid,True,True,call_count,credit_assignment,3,premature_stop,invalid,True,True,call_count,credit_assignment,0.0
0feb53d5-e450-4a1e-b0ad-13bc7097a92e,False,6,valid_shorter_path,valid,True,False,call_count,credit_assignment,6,valid_shorter_path,valid,True,False,argument_values,credit_assignment,0.0
1067e243-98e4-448a-a38b-2d916c16908a,False,1,initial_tool_selection,invalid,,True,call_count,tool_selection_data,,wrong_final_answer,not_applicable,,True,terminal_outcome,outcome_reward,0.09999999999999998
1163aa42-d931-4ae3-a9af-3800e1200319,False,2,valid_shorter_path,valid,True,False,argument_values,credit_assignment,,valid_shorter_path,valid,True,False,argument_values,credit_assignment,0.09999999999999998
11a47ffa-0eea-4162-9902-1bddc3740bec,False,1,initial_tool_selection,valid,True,False,tool_name,outcome_reward,0,initial_tool_selection,not_applicable,,True,call_count,tool_selection_data,0.04999999999999993
12dc2f74-7b39-4722-a840-bca49488c27e,True,2,valid_shorter_path,valid,True,False,terminal_outcome,outcome_reward,2,valid_shorter_path,valid,True,False,terminal_outcome,outcome_reward,0.0
13d0e964-c728-4490-8094-0b2ec84a6f40,False,1,initial_tool_selection,not_applicable,False,False,tool_name,tool_selection_data,1,initial_tool_selection,not_applicable,False,True,tool_name,tool_selection_data,0.0
13d599b3-0a9f-4856-8fbf-2fd376400988,False,1,wrong_final_answer,not_applicable,True,True,terminal_outcome,terminal_classification,,wrong_final_answer,not_applicable,,False,terminal_outcome,terminal_classification,0.09999999999999998
1486b674-af4e-4bd4-9a48-2bf0f4aa9995,False,1,premature_stop,valid,True,True,call_count,no_change,1,initial_tool_selection,invalid,True,True,terminal_outcome,tool_selection_data,0.0
1522c983-00c5-48b6-be88-8922f76c3dbe,False,1,initial_tool_selection,not_applicable,,False,tool_name,tool_selection_data,1,reward_mismatch,not_applicable,True,False,tool_name,outcome_reward,0.09999999999999998
15475c99-4877-45c2-acb6-82b1b8fda842,False,2,argument_values,valid,True,False,argument_values,no_change,2,valid_shorter_path,valid,True,False,argument_values,process_reward,0.0
1765d48e-b1d2-4dd2-bdf5-cc49496ac350,False,16,premature_stop,valid,True,True,terminal_outcome,targeted_semantic_sft,16,premature_stop,invalid,False,True,terminal_outcome,terminal_classification,0.09999999999999998
196be0c3-aed1-41dd-a972-31a5908720cc,False,2,valid_shorter_path,valid,True,False,call_count,credit_assignment,2,observation_misinterpreted,invalid,False,True,argument_values,observation_grounding_data,0.0
19c019ad-3316-4149-8b01-f3385a280958,False,1,initial_tool_selection,invalid,,True,executability,tool_selection_data,1,initial_tool_selection,invalid,,False,tool_name,tool_selection_data,0.0
1ab63375-0be1-47c1-bc2f-64b9b6271391,False,1,wrong_final_answer,invalid,,True,terminal_outcome,terminal_classification,1,initial_tool_selection,invalid,,True,terminal_outcome,tool_selection_data,0.09999999999999998
1b79e333-e3fc-4292-9d59-987fc3b606f8,False,1,initial_tool_selection,invalid,True,True,terminal_outcome,tool_selection_data,1,later_tool_selection,invalid,True,True,terminal_outcome,outcome_reward,0.0
1c15787f-a7d3-48be-a715-23befba14fe3,False,1,later_tool_selection,valid,True,True,terminal_outcome,no_change,1,premature_stop,invalid,True,True,terminal_outcome,no_change,0.09999999999999998
1cea2017-6b5e-4d6c-969e-9d72f58cdc7a,True,1,argument_values,not_applicable,False,True,argument_values,observation_grounding_data,1,argument_values,not_applicable,False,True,argument_values,observation_grounding_data,0.09999999999999998
1ddeac74-83ee-4119-9100-83133001b0f5,True,1,initial_tool_selection,not_applicable,True,True,tool_name,tool_selection_data,1,initial_tool_selection,not_applicable,True,True,tool_name,tool_selection_data,0.0
1ff34864-aaf4-45ad-9132-b96cc6de3c63,True,2,valid_shorter_path,valid,True,False,argument_values,credit_assignment,2,valid_shorter_path,valid,True,False,argument_values,credit_assignment,0.09999999999999998
2092563a-202f-4984-b18b-d971f42a0f6e,True,2,valid_shorter_path,valid,True,False,call_count,credit_assignment,2,valid_shorter_path,valid,True,False,call_count,credit_assignment,0.0
215a654f-549a-47c1-b1ce-772fc2910045,False,1,argument_values,invalid,False,True,argument_values,targeted_semantic_sft,1,wrong_final_answer,invalid,False,True,terminal_outcome,targeted_semantic_sft,0.0
22b03741-ca95-407c-a30c-e6cbbe90436d,False,1,valid_shorter_path,valid,True,False,call_count,credit_assignment,1,valid_shorter_path,valid,True,False,tool_name,process_reward,0.0
22b583c4-f1f1-4f08-9868-46f3a5cc50fe,False,,valid_shorter_path,valid,,True,call_count,credit_assignment,,unclear,not_applicable,,,unclear,unclear,0.9
236711c7-5a1c-4bf5-b578-6e965b98a085,False,1,premature_stop,not_applicable,,True,terminal_outcome,terminal_classification,1,premature_stop,invalid,,True,executability,targeted_semantic_sft,0.09999999999999998
23fb2017-6788-4dc2-a28a-403c6b473adb,False,2,argument_values,valid,True,True,argument_values,targeted_semantic_sft,2,valid_shorter_path,invalid,True,True,process_total,targeted_semantic_sft,0.0
262ed5c8-1e4b-45b0-ae60-13ef3433b303,True,2,valid_shorter_path,valid,True,False,call_count,credit_assignment,2,valid_shorter_path,valid,True,False,call_count,credit_assignment,0.09999999999999998
2795c8df-921d-4311-b6d4-ece1204f2ef5,False,3,premature_stop,valid,True,True,terminal_outcome,no_change,3,premature_stop,invalid,True,True,terminal_outcome,terminal_classification,0.09999999999999998
2804303f-3831-4977-8b0f-8298c475c032,False,2,argument_values,not_applicable,True,True,argument_values,observation_grounding_data,2,wrong_final_answer,not_applicable,,True,terminal_outcome,outcome_reward,0.0
28cc5dca-3281-4afc-949b-f41784c210a4,False,,initial_tool_selection,invalid,,True,tool_name,tool_selection_data,,unclear,not_applicable,,,none,no_change,0.0
2a028d50-5021-4cbd-9401-e9a949adc1fa,False,1,argument_values,not_applicable,True,False,terminal_outcome,outcome_reward,1,reward_mismatch,valid,False,False,terminal_outcome,outcome_reward,0.0
2a1226e5-e74e-4464-a887-213f4acefc82,False,3,argument_values,not_applicable,False,False,argument_values,observation_grounding_data,3,argument_values,not_applicable,False,True,argument_values,observation_grounding_data,0.09999999999999998
2a9516d7-fe85-49c4-9d22-d31f22721ded,False,2,wrong_output_field,not_applicable,True,False,terminal_outcome,terminal_classification,2,wrong_final_answer,not_applicable,True,False,terminal_outcome,terminal_classification,0.09999999999999998
2b2c1931-a5c2-44a9-8283-08a4067256c2,False,1,initial_tool_selection,valid,True,False,call_count,credit_assignment,1,initial_tool_selection,valid,True,False,tool_name,credit_assignment,0.0
2efdd7cf-4643-427e-bcf3-7288f77d6a9d,False,1,valid_shorter_path,valid,True,True,call_count,credit_assignment,0,initial_tool_selection,valid,True,False,call_count,tool_selection_data,0.0
3088e2b6-0018-431d-90f5-6b138ba676f2,False,1,initial_tool_selection,invalid,True,True,terminal_outcome,tool_selection_data,1,initial_tool_selection,invalid,False,True,tool_name,tool_selection_data,0.0
31362efe-b619-4718-9201-99cd47a8295f,False,1,valid_shorter_path,valid,True,True,call_count,targeted_semantic_sft,0,initial_tool_selection,valid,True,True,call_count,no_change,0.09999999999999998
3171c089-3152-48db-90be-f576f555dfd6,False,,wrong_final_answer,not_applicable,True,True,terminal_outcome,terminal_classification,,wrong_final_answer,not_applicable,,,terminal_outcome,terminal_classification,0.0
325ca0e4-f4f2-4f1e-bf66-8d362f0a2b95,False,1,valid_shorter_path,valid,True,False,call_count,outcome_reward,1,valid_shorter_path,valid,True,False,call_count,credit_assignment,0.0
32881593-1d74-40fd-9d4e-9ea812030a17,False,1,initial_tool_selection,invalid,,True,call_count,tool_selection_data,1,unclear,not_applicable,,True,none,no_change,0.0
3481e153-2b15-4af0-ab73-b7785bfd7d77,True,4,wrong_final_answer,valid,True,False,terminal_outcome,outcome_reward,4,wrong_final_answer,valid,True,False,terminal_outcome,outcome_reward,0.0
350061df-93df-43db-87e8-91a9f78dab00,False,2,later_tool_selection,not_applicable,True,True,tool_name,tool_selection_data,2,executable_wrong_global_plan,not_applicable,True,True,terminal_outcome,outcome_reward,0.0
35790603-7df1-491c-84e1-9a27f4fc5717,False,1,argument_values,invalid,False,False,argument_values,tool_selection_data,1,initial_tool_selection,invalid,False,True,tool_name,tool_selection_data,0.0
35adf4ad-dada-47dd-8c92-1af9100d6a8a,False,4,valid_shorter_path,valid,True,True,call_count,credit_assignment,4,wrong_final_answer,invalid,True,True,terminal_outcome,terminal_classification,0.09999999999999998
35e5e6c5-b079-45ed-a693-0a5eadbbb9a6,True,2,argument_values,valid,True,False,call_count,credit_assignment,2,argument_values,valid,True,False,call_count,credit_assignment,0.0
36ac0316-5e89-40e1-b85a-3dfc02daf78e,True,3,valid_shorter_path,valid,True,False,call_count,credit_assignment,3,valid_shorter_path,valid,True,False,call_count,credit_assignment,0.09999999999999998
36ba10c3-3023-4b26-b449-84787b535d77,False,5,premature_stop,invalid,True,False,terminal_outcome,terminal_classification,5,premature_stop,invalid,True,False,terminal_outcome,outcome_reward,0.09999999999999998
36ca2d63-b8cc-4a06-ad2b-4748ad224234,False,1,valid_shorter_path,valid,True,True,call_count,outcome_reward,,valid_shorter_path,valid,True,False,call_count,credit_assignment,0.09999999999999998
37f1e206-b1e1-43bd-a848-867f8d1031bd,False,,valid_shorter_path,valid,True,False,call_count,credit_assignment,2,argument_values,not_applicable,True,True,executability,observation_grounding_data,0.09999999999999998
38a3bea2-2d38-446f-a832-ee059daf9a1b,False,2,wrong_final_answer,invalid,True,True,terminal_outcome,outcome_reward,2,argument_values,not_applicable,True,False,terminal_outcome,outcome_reward,0.09999999999999998
38e7c22f-c209-4f49-8bbd-08bc3cb08203,False,1,initial_tool_selection,valid,,True,tool_name,tool_selection_data,1,initial_tool_selection,valid,True,False,call_count,credit_assignment,0.0
3af4d6d6-e7a2-4297-bd51-4b85e5f54802,True,1,valid_shorter_path,valid,True,False,call_count,credit_assignment,1,valid_shorter_path,valid,True,False,call_count,credit_assignment,0.0
3d88feda-eeb4-4ef3-bd45-6f53bbffff11,False,1,initial_tool_selection,invalid,False,True,terminal_outcome,tool_selection_data,1,initial_tool_selection,invalid,,True,tool_name,tool_selection_data,0.0
3e99b589-8cda-4a31-ab0c-a8040f86b649,False,2,valid_shorter_path,valid,True,False,call_count,credit_assignment,2,valid_shorter_path,valid,True,False,call_count,no_change,0.0
3f22f028-b78c-4127-9f68-09f4ec8a84e5,False,2,premature_stop,invalid,True,True,terminal_outcome,terminal_classification,2,wrong_final_answer,invalid,True,False,terminal_outcome,outcome_reward,0.09999999999999998
3f5153aa-ea03-4045-94b3-523fd229373f,False,1,initial_tool_selection,not_applicable,True,True,tool_name,tool_selection_data,,initial_tool_selection,not_applicable,,True,tool_name,tool_selection_data,0.09999999999999998
3f65525e-d400-455f-b5b1-5139d3264086,False,2,reward_mismatch,valid,True,False,call_count,credit_assignment,2,wrong_final_answer,not_applicable,True,False,terminal_outcome,outcome_reward,0.09999999999999998
3f6754e4-0a9d-405f-b3c9-925e9038ef5b,False,,valid_shorter_path,not_applicable,True,False,terminal_outcome,outcome_reward,,reward_mismatch,not_applicable,,False,terminal_outcome,terminal_classification,0.09999999999999998
4181facd-49ba-4f9d-8ced-f01adcdd8782,False,1,valid_shorter_path,valid,False,False,terminal_outcome,outcome_reward,1,valid_shorter_path,valid,True,False,call_count,credit_assignment,0.0
4511ccb4-e31c-4cc8-b585-04dda07d21cf,True,2,wrong_final_answer,not_applicable,True,False,terminal_outcome,terminal_classification,2,wrong_final_answer,not_applicable,True,False,terminal_outcome,terminal_classification,0.0
466a901f-f700-4e5c-8b45-984e29b3e97f,False,1,initial_tool_selection,valid,True,True,call_count,credit_assignment,1,valid_shorter_path,valid,,False,terminal_outcome,outcome_reward,0.0
47fbefed-c16e-4a5c-a88a-ac17e2d5c863,False,,valid_shorter_path,valid,,True,call_count,no_change,,valid_shorter_path,valid,True,True,call_count,credit_assignment,0.0
482277ec-7970-4461-8380-d62a911b3cc1,True,2,argument_values,not_applicable,True,False,argument_values,credit_assignment,2,argument_values,not_applicable,True,False,argument_values,credit_assignment,0.04999999999999993
490308d0-6cc5-4616-a062-c3812a4e96fa,False,1,valid_shorter_path,valid,True,False,argument_values,no_change,,valid_shorter_path,valid,True,False,terminal_outcome,outcome_reward,0.0
4c5ac14a-91aa-41d6-8a28-4ce50ac14940,False,3,premature_stop,valid,True,True,call_count,credit_assignment,3,premature_stop,invalid,True,True,call_count,credit_assignment,0.09999999999999998
4c7479cb-c3d5-4568-abe4-4ecade2f3635,False,4,valid_shorter_path,valid,True,False,call_count,credit_assignment,4,valid_shorter_path,valid,True,False,argument_values,no_change,0.09999999999999998
4cba337d-cf82-49fe-853b-1ac69d0f19ae,False,1,reward_mismatch,valid,True,False,terminal_outcome,outcome_reward,1,initial_tool_selection,invalid,True,True,terminal_outcome,tool_selection_data,0.04999999999999993
4e7e03b3-f9c9-4cc8-986a-6b425aeeeec8,False,1,valid_shorter_path,valid,True,True,executability,no_change,1,argument_values,valid,True,True,argument_values,observation_grounding_data,0.0
4e94725b-4f6f-4660-8079-17f785076612,False,1,argument_values,valid,,True,argument_values,observation_grounding_data,1,initial_tool_selection,invalid,,True,call_count,tool_selection_data,0.0
4f5f22b6-44a0-435b-9924-9fdcbd928522,True,1,valid_shorter_path,valid,True,False,call_count,credit_assignment,1,valid_shorter_path,valid,True,False,call_count,credit_assignment,0.0
5099873f-cd8b-4b02-873a-8c77a8e76837,False,1,argument_values,valid,True,True,none,no_change,1,argument_values,valid,True,False,terminal_outcome,credit_assignment,0.09999999999999998
50bf739b-0f67-4b0e-9586-68baef74326a,False,1,initial_tool_selection,not_applicable,True,False,terminal_outcome,outcome_reward,2,later_tool_selection,not_applicable,True,True,tool_name,tool_selection_data,0.04999999999999993
5139cd27-6d87-4130-994a-3cfe29c62cbd,False,,valid_shorter_path,valid,True,False,call_count,credit_assignment,,unclear,not_applicable,,,none,no_change,0.0
52136fd0-87d3-4086-968b-fa7b8523c333,False,1,initial_tool_selection,not_applicable,,True,tool_name,tool_selection_data,1,initial_tool_selection,not_applicable,False,True,tool_name,tool_selection_data,0.0
52651073-b22c-422b-b2dd-8bc64f894969,False,5,premature_stop,invalid,True,False,call_count,credit_assignment,5,observation_ignored,invalid,False,False,call_count,credit_assignment,0.04999999999999993
54bacfd4-1ac2-4e58-bb6e-8093d738af12,True,2,wrong_final_answer,not_applicable,True,False,terminal_outcome,terminal_classification,2,wrong_final_answer,not_applicable,True,False,terminal_outcome,terminal_classification,0.09999999999999998
56f217f3-b20d-4f19-b8ed-23850bc2e6be,False,2,later_tool_selection,invalid,True,True,tool_name,tool_selection_data,2,later_tool_selection,valid,True,False,tool_name,tool_selection_data,0.0
5830f67e-aed1-4252-a279-f107ab8d15bb,False,1,wrong_final_answer,invalid,,False,call_count,credit_assignment,1,argument_values,invalid,True,False,argument_values,observation_grounding_data,0.0
585cce43-50e6-470b-aafb-9512e21625c8,True,2,valid_shorter_path,valid,True,False,call_count,credit_assignment,2,valid_shorter_path,valid,True,False,call_count,credit_assignment,0.0
59075a42-0879-42ef-ada9-56aeddf95fcf,True,1,argument_values,invalid,False,True,argument_values,observation_grounding_data,1,argument_values,invalid,False,True,argument_values,observation_grounding_data,0.0
59212b7c-319b-47b5-b45c-2e375e846970,False,2,later_tool_selection,invalid,False,True,tool_name,tool_selection_data,2,argument_values,not_applicable,True,True,argument_values,observation_grounding_data,0.0
59c85014-c8c4-45df-956b-04dec99e0bc7,False,1,valid_shorter_path,valid,True,False,call_count,outcome_reward,1,valid_shorter_path,valid,True,False,terminal_outcome,outcome_reward,0.04999999999999993
5af7ea4f-13b0-48f4-adfa-5f5cc8c17b8c,False,3,argument_values,not_applicable,False,True,argument_values,observation_grounding_data,3,argument_values,not_applicable,True,False,argument_values,credit_assignment,0.0
5ece6f80-a4fb-48a9-95cd-8c8c2a49ab08,False,,valid_shorter_path,valid,True,False,call_count,credit_assignment,,unclear,not_applicable,,True,none,no_change,0.09999999999999998
5f2689b9-c33d-4981-bb29-c52e7b2ce153,False,,unclear,not_applicable,,True,none,no_change,,premature_stop,invalid,,True,call_count,process_reward,0.0
602de5a8-0653-4427-bcc5-3fe582cd714e,False,,valid_shorter_path,valid,,True,none,no_change,,unclear,not_applicable,,,none,no_change,0.0
609d22aa-b21a-4ed8-9ae0-7cbea4aa837e,False,1,reward_mismatch,valid,True,False,call_count,outcome_reward,1,valid_shorter_path,valid,True,False,call_count,credit_assignment,0.0
63253fb5-5c4b-4d95-b1ab-64cd2019e5c5,False,7,observation_ignored,valid,False,False,call_count,credit_assignment,7,argument_values,not_applicable,False,False,argument_values,observation_grounding_data,0.0
63854dc5-cf6e-40bd-94e9-f4f930165cb7,False,2,wrong_output_field,not_applicable,True,False,terminal_outcome,outcome_reward,2,wrong_final_answer,not_applicable,True,False,terminal_outcome,terminal_classification,0.09999999999999998
63f7e661-fbaa-4def-aed0-4eccd041b618,True,2,valid_shorter_path,valid,True,False,call_count,credit_assignment,2,valid_shorter_path,valid,True,False,call_count,credit_assignment,0.04999999999999993
6789e917-6ea1-41cc-b38e-a29dd53b2bd3,False,,premature_stop,invalid,True,True,call_count,tool_selection_data,,premature_stop,invalid,,True,call_count,tool_selection_data,0.09999999999999998
6a001923-6ece-46ae-9e4e-ae2308bad269,False,1,valid_shorter_path,valid,True,False,call_count,credit_assignment,1,initial_tool_selection,valid,True,False,call_count,credit_assignment,0.0
6a069715-af16-4353-b530-2c68b1045702,False,1,initial_tool_selection,valid,True,True,terminal_outcome,no_change,1,argument_values,valid,True,True,terminal_outcome,outcome_reward,0.0
6a6f39c7-6f71-4fef-b09b-cebb8f602b19,False,,valid_shorter_path,valid,True,False,call_count,credit_assignment,,unclear,not_applicable,,True,none,no_change,0.09999999999999998
6accc733-a657-438c-97a2-d9b11b97edb8,False,3,observation_ignored,invalid,False,False,call_count,observation_grounding_data,3,valid_shorter_path,valid,True,False,call_count,credit_assignment,0.0
6ae58ffa-f086-4aa5-9bc9-e2beeec685cc,False,1,valid_shorter_path,valid,True,False,call_count,credit_assignment,1,valid_shorter_path,valid,,True,call_count,no_change,0.04999999999999993
6b6884c6-f22a-4f7a-8fc4-73036ab9a0c3,False,1,valid_shorter_path,valid,True,False,call_count,outcome_reward,2,valid_shorter_path,valid,True,False,call_count,no_change,0.0
6c0d717a-af97-47db-ad9d-45255f829e0d,False,1,wrong_final_answer,invalid,True,False,terminal_outcome,outcome_reward,1,initial_tool_selection,valid,True,True,terminal_outcome,targeted_semantic_sft,0.0
6c5bf32e-9b63-4950-a348-72e08943a6d5,False,2,later_tool_selection,invalid,False,False,call_count,credit_assignment,2,later_tool_selection,valid,True,False,call_count,credit_assignment,0.0
6c668a48-30d8-46ba-a9ac-8e0c58f9d9f0,False,1,argument_values,valid,True,True,terminal_outcome,outcome_reward,1,initial_tool_selection,not_applicable,,True,tool_name,tool_selection_data,0.0
6f44c50b-e8a0-4e98-85f5-81f986170546,False,3,argument_values,invalid,True,True,argument_values,observation_grounding_data,3,wrong_final_answer,invalid,True,False,terminal_outcome,outcome_reward,0.0
6fb9747f-205d-4057-98a9-bebfa690d3fe,True,4,argument_values,not_applicable,True,False,argument_values,credit_assignment,4,argument_values,not_applicable,True,False,argument_values,credit_assignment,0.0
702881c1-d5ba-4b90-aa65-8a17d9a3a5a6,False,3,valid_shorter_path,valid,True,False,call_count,credit_assignment,3,wrong_output_field,valid,True,False,executability,outcome_reward,0.0
70666870-66fb-462b-96b1-2739e36a0f60,False,2,premature_stop,invalid,False,True,call_count,process_reward,2,observation_ignored,invalid,False,True,executability,observation_grounding_data,0.0
729b41ed-7a84-4209-bff1-b4e4045e4ad3,False,,valid_shorter_path,valid,True,False,call_count,credit_assignment,,unclear,not_applicable,,,none,no_change,0.0
72fa90ad-54d1-4c20-886b-739e52940ce5,False,1,valid_shorter_path,valid,,True,executability,no_change,1,valid_shorter_path,valid,True,False,call_count,tool_selection_data,0.09999999999999998
73301ada-cb5a-4ee0-a8e6-d1f4a8d02a61,False,2,argument_values,invalid,True,True,argument_values,observation_grounding_data,2,argument_values,invalid,False,True,argument_values,targeted_semantic_sft,0.0
7533eefe-b652-4afd-834a-3ee8c38ca14e,True,3,valid_shorter_path,valid,True,False,call_count,credit_assignment,3,valid_shorter_path,valid,True,False,call_count,credit_assignment,0.0
76446ae7-0565-4df5-bff6-bddcaf386d0f,False,1,initial_tool_selection,invalid,,True,executability,tool_selection_data,,unclear,not_applicable,,,unclear,unclear,1.0
76de8525-048b-4209-8867-48bfb6ff6fa8,True,2,valid_shorter_path,valid,True,False,call_count,credit_assignment,2,valid_shorter_path,valid,True,False,call_count,credit_assignment,0.04999999999999993
77a0e4ff-a6e6-429f-a945-b82daa6852fb,False,2,valid_shorter_path,valid,True,False,call_count,credit_assignment,2,observation_ignored,invalid,False,False,call_count,observation_grounding_data,0.0
79548961-64d6-432c-aac2-5846fd124032,False,3,valid_shorter_path,valid,True,False,call_count,credit_assignment,3,valid_shorter_path,valid,True,False,executability,credit_assignment,0.0
79f31629-56a4-4e40-8a4d-c1619abcda9b,False,,valid_shorter_path,valid,True,True,none,no_change,,valid_shorter_path,valid,True,True,call_count,credit_assignment,0.0
7b03ce5d-c7c8-40fd-b6c9-0650cf326193,False,1,argument_values,invalid,False,False,argument_values,outcome_reward,1,argument_values,invalid,True,True,argument_values,observation_grounding_data,0.0
7bdd0e4f-6c99-4f49-b9e8-2afc9546891b,False,2,premature_stop,invalid,True,True,call_count,credit_assignment,2,premature_stop,invalid,True,True,call_count,process_reward,0.09999999999999998
7cdaf92f-5fc1-43ee-8ac7-9053012753a3,False,1,wrong_final_answer,valid,True,True,terminal_outcome,targeted_semantic_sft,1,later_tool_selection,valid,True,False,call_count,credit_assignment,0.0
7d0d1b23-f8ba-474b-84fd-e78eaaf967e2,True,1,valid_shorter_path,valid,True,False,call_count,credit_assignment,1,valid_shorter_path,valid,True,False,call_count,credit_assignment,0.04999999999999993
7da0f6e7-2a24-4fa8-b48d-cc84cae3e578,False,1,initial_tool_selection,valid,True,True,executability,no_change,1,argument_values,invalid,,True,executability,observation_grounding_data,0.09999999999999998
801d574a-fb51-4cc6-8367-d2dd352ff3ec,False,,wrong_final_answer,not_applicable,True,True,terminal_outcome,outcome_reward,,evaluator_or_data_inconsistency,not_applicable,,,terminal_outcome,evaluator_or_data_fix,0.09999999999999998
80d3d81b-e6fd-4fa4-a690-b7214c4ef41c,False,2,premature_stop,valid,True,False,call_count,credit_assignment,2,valid_shorter_path,valid,True,True,call_count,no_change,0.04999999999999993
82e82d17-1e64-4874-8005-67f32b410866,True,2,later_tool_selection,not_applicable,True,True,tool_name,tool_selection_data,2,later_tool_selection,not_applicable,True,True,tool_name,tool_selection_data,0.09999999999999998
837f59f5-0d19-4246-993f-061525bd8d67,False,3,argument_values,not_applicable,False,True,argument_values,observation_grounding_data,3,wrong_final_answer,not_applicable,True,True,terminal_outcome,targeted_semantic_sft,0.09999999999999998
844ce8e2-be74-4db0-8541-132f5bebeb1b,False,,initial_tool_selection,invalid,False,True,executability,observation_grounding_data,,wrong_final_answer,not_applicable,,True,terminal_outcome,outcome_reward,0.050000000000000044
87481cd4-e4d1-4eb7-ad02-0c29677ddb8c,False,3,valid_shorter_path,valid,True,False,call_count,credit_assignment,3,premature_stop,invalid,False,False,call_count,outcome_reward,0.0
87b5d6f9-199e-4e83-8392-86f03e175ca6,False,1,initial_tool_selection,valid,True,False,call_count,credit_assignment,1,initial_tool_selection,valid,True,False,tool_name,tool_selection_data,0.0
887b6d7e-5fb5-4523-9b28-f7ab29cf7636,False,1,valid_shorter_path,valid,True,False,call_count,credit_assignment,1,valid_shorter_path,valid,True,False,argument_values,credit_assignment,0.0
8956e144-c9f2-4154-8554-eb3de698456e,False,7,wrong_output_field,valid,True,True,terminal_outcome,terminal_classification,7,wrong_final_answer,not_applicable,True,True,terminal_outcome,outcome_reward,0.0
8970e530-cd57-4c00-9ef5-86970db06e6f,False,3,premature_stop,invalid,True,False,call_count,credit_assignment,3,wrong_final_answer,invalid,True,True,terminal_outcome,outcome_reward,0.09999999999999998
8ab9d4d5-0011-4e49-85cb-ee24f852f350,False,5,valid_shorter_path,valid,True,False,call_count,credit_assignment,5,invalid_state_transition,not_applicable,,True,executability,targeted_semantic_sft,0.0
8b77968f-aa3b-443c-a226-7a628b611fb1,False,1,reward_mismatch,valid,,False,call_count,outcome_reward,1,reward_mismatch,valid,True,False,call_count,credit_assignment,0.0
8c6e3438-0dcc-4afe-95b7-13b00fb18ef0,False,3,argument_values,not_applicable,True,True,argument_values,no_change,3,argument_values,not_applicable,True,False,argument_values,no_change,0.09999999999999998
8c8656c5-6b19-4613-af48-e6018b737159,False,3,later_tool_selection,invalid,True,False,call_count,credit_assignment,3,valid_shorter_path,valid,True,False,call_count,credit_assignment,0.0
8e557b55-c268-4566-9210-96b3dc488ea2,False,1,valid_shorter_path,valid,True,False,call_count,credit_assignment,1,evaluator_or_data_inconsistency,valid,False,False,call_count,evaluator_or_data_fix,0.0
8ebc079b-4585-41c6-b54d-4fffdaeff352,False,1,initial_tool_selection,invalid,True,True,terminal_outcome,outcome_reward,1,initial_tool_selection,invalid,True,True,call_count,tool_selection_data,0.0
8ecad92c-4bed-41f6-9f33-928461657a5d,False,1,initial_tool_selection,not_applicable,,True,executability,tool_selection_data,1,initial_tool_selection,not_applicable,,True,tool_name,tool_selection_data,0.09999999999999998
8ee6619d-4344-417e-a2bb-dbbd84fa3396,False,3,wrong_final_answer,not_applicable,True,False,terminal_outcome,terminal_classification,3,later_tool_selection,not_applicable,False,False,tool_name,tool_selection_data,0.0
916b2049-ac2d-4d32-b022-e9182f258024,False,1,initial_tool_selection,invalid,False,True,terminal_outcome,tool_selection_data,1,argument_values,invalid,False,True,argument_values,targeted_semantic_sft,0.0
925e5a42-be49-45d0-ae48-9f76fbe1a0a2,False,2,wrong_final_answer,not_applicable,True,False,terminal_outcome,terminal_classification,2,reward_mismatch,not_applicable,True,False,executability,credit_assignment,0.04999999999999993
95f4c040-4bac-4c75-b790-8446b76e4609,True,2,wrong_final_answer,not_applicable,True,False,terminal_outcome,terminal_classification,2,wrong_final_answer,not_applicable,True,False,terminal_outcome,terminal_classification,0.0
96aae8cf-2667-455f-8b59-033ae86f88a1,False,1,initial_tool_selection,valid,True,False,call_count,credit_assignment,1,valid_shorter_path,valid,True,False,call_count,credit_assignment,0.04999999999999993
97dc3022-3ebc-4511-9f50-d22da3a73179,False,1,initial_tool_selection,valid,True,True,call_count,credit_assignment,,valid_shorter_path,valid,,False,call_count,credit_assignment,0.0
99501e17-529b-42b7-ae83-e98b576c8019,True,3,premature_stop,invalid,True,True,terminal_outcome,terminal_classification,3,premature_stop,invalid,True,True,terminal_outcome,terminal_classification,0.0
99f425b1-84c4-4a92-a916-12b847352319,False,2,argument_values,valid,True,True,terminal_outcome,outcome_reward,2,later_tool_selection,invalid,True,True,terminal_outcome,no_change,0.0
9a23a3ec-0f70-4acf-867f-1a82c0ca5b17,False,6,valid_shorter_path,valid,True,False,call_count,credit_assignment,6,valid_shorter_path,valid,True,False,argument_values,no_change,0.04999999999999993
9a752e1c-dffb-4c71-84d5-687970836ce7,False,2,argument_keys,not_applicable,True,False,argument_keys,tool_selection_data,2,wrong_final_answer,not_applicable,True,False,terminal_outcome,outcome_reward,0.09999999999999998
9bb69164-80c4-4c4e-a9d2-fa3fa8bee4e3,True,1,valid_shorter_path,valid,True,False,call_count,credit_assignment,1,valid_shorter_path,valid,True,False,call_count,credit_assignment,0.0
a07bd6ce-e76b-4e9e-8e2c-8b3e2e7690ef,True,2,wrong_final_answer,not_applicable,True,False,terminal_outcome,terminal_classification,2,wrong_final_answer,not_applicable,True,False,terminal_outcome,terminal_classification,0.0
a1fe3172-ee8a-463f-a08f-77aa8053d19a,False,1,argument_values,invalid,,True,executability,observation_grounding_data,1,initial_tool_selection,invalid,,True,executability,tool_selection_data,0.04999999999999993
a25025bf-d957-471f-a37a-88b08502e3c9,False,2,wrong_output_field,not_applicable,True,False,terminal_outcome,terminal_classification,2,wrong_final_answer,not_applicable,True,False,terminal_outcome,terminal_classification,0.09999999999999998
a330bb9e-a3eb-456a-87c3-63caf6822fad,False,4,valid_shorter_path,valid,True,False,terminal_outcome,credit_assignment,4,argument_values,not_applicable,True,False,argument_values,credit_assignment,0.0
a47f04d6-63ea-4148-9f24-9cb80a591d58,False,1,initial_tool_selection,valid,True,False,call_count,credit_assignment,1,valid_shorter_path,valid,True,False,call_count,credit_assignment,0.0
a576f58b-44b2-498e-b7d9-32bdbb48dd6c,True,2,argument_values,invalid,True,True,argument_values,targeted_semantic_sft,2,argument_values,invalid,True,True,argument_values,targeted_semantic_sft,0.0
a65663e7-afb5-48af-ae7d-4a2611b93176,False,2,argument_values,invalid,True,True,argument_values,observation_grounding_data,2,premature_stop,invalid,,False,terminal_outcome,terminal_classification,0.0
a6c7ce3c-6d2e-4dff-a6e7-cad6b9d07cee,False,,executable_wrong_global_plan,invalid,,True,terminal_outcome,targeted_semantic_sft,,unclear,not_applicable,,,none,no_change,0.09999999999999998
a76ec66d-10a1-4b45-ad29-e63d67881a08,False,2,argument_values,invalid,True,True,argument_values,observation_grounding_data,2,argument_values,invalid,True,True,argument_values,targeted_semantic_sft,0.0
a90adb78-71aa-4125-b7c4-6151ed659a80,False,4,valid_shorter_path,valid,True,False,call_count,credit_assignment,4,argument_values,valid,True,False,argument_values,no_change,0.0
aaece8ba-0384-4d94-a479-fe00d0eb94e0,False,1,argument_values,invalid,False,True,argument_values,targeted_semantic_sft,,initial_tool_selection,invalid,,True,terminal_outcome,tool_selection_data,0.09999999999999998
ac7ff9ba-5f9b-45db-ac99-a27751c32a2f,False,1,argument_values,valid,True,True,argument_values,targeted_semantic_sft,1,initial_tool_selection,invalid,,False,terminal_outcome,outcome_reward,0.0
b0643ded-c098-4051-958b-db37c7b2aa00,False,2,argument_values,not_applicable,False,False,terminal_outcome,outcome_reward,2,argument_values,not_applicable,False,False,argument_values,observation_grounding_data,0.0
b169f0ea-3a25-4627-9795-9d390379e73f,False,1,valid_shorter_path,valid,True,True,argument_values,no_change,,valid_shorter_path,valid,True,False,argument_values,credit_assignment,0.0
b17fe079-7816-4882-98fd-ba692caae2e3,False,1,valid_shorter_path,valid,True,True,call_count,targeted_semantic_sft,1,premature_stop,invalid,False,True,terminal_outcome,terminal_classification,0.0
b2861b15-913e-4b89-a37e-16a3468170a6,False,2,argument_values,not_applicable,True,True,argument_values,credit_assignment,2,argument_values,not_applicable,True,False,argument_values,credit_assignment,0.0
b2bc3b35-5e35-4b6a-a868-996586962919,False,1,initial_tool_selection,invalid,,True,tool_name,tool_selection_data,1,initial_tool_selection,not_applicable,,True,tool_name,tool_selection_data,0.09999999999999998
b4edb02b-2784-43f9-9a5f-47d9605c2c32,False,4,argument_values,not_applicable,False,True,terminal_outcome,terminal_classification,,argument_values,not_applicable,,True,argument_values,tool_selection_data,0.09999999999999998
b6014609-5bd3-4f6a-8f09-1df7d9477c98,False,1,initial_tool_selection,not_applicable,,True,tool_name,tool_selection_data,,unclear,not_applicable,,,none,no_change,0.09999999999999998
b6835357-8b9f-4f3b-ad07-1b79d2ed2b44,False,2,wrong_output_field,invalid,False,True,terminal_outcome,observation_grounding_data,2,argument_keys,invalid,True,False,argument_keys,credit_assignment,0.0
b6d5414b-1f27-48c2-b8cb-375d529e5198,False,1,initial_tool_selection,not_applicable,,True,terminal_outcome,no_change,1,initial_tool_selection,invalid,False,False,tool_name,tool_selection_data,0.0
b6d97ba7-cdef-4fab-a0e4-25250e8072ef,False,2,argument_values,valid,False,True,terminal_outcome,outcome_reward,2,argument_values,valid,False,False,terminal_outcome,outcome_reward,0.09999999999999998
b7a49346-8333-4c96-9ed8-9dca8f299089,True,2,later_tool_selection,invalid,False,True,tool_name,tool_selection_data,2,later_tool_selection,invalid,False,True,tool_name,tool_selection_data,0.0
b7da19f4-c0e1-406b-9e71-ac01a07ff928,False,1,premature_stop,invalid,,True,call_count,tool_selection_data,1,premature_stop,invalid,,True,terminal_outcome,terminal_classification,0.09999999999999998
b85f618a-386d-4bbd-ba60-7f6ce29e52fe,False,,valid_shorter_path,valid,True,False,call_count,outcome_reward,,evaluator_or_data_inconsistency,valid,True,False,terminal_outcome,evaluator_or_data_fix,0.09999999999999998
bcc26a14-3d93-49b2-a563-d7679d23f5a6,False,1,initial_tool_selection,valid,True,False,call_count,credit_assignment,1,valid_shorter_path,valid,True,False,call_count,outcome_reward,0.0
bef72027-79fd-4e32-8407-b6fab9c37847,True,,valid_shorter_path,valid,True,False,call_count,credit_assignment,,valid_shorter_path,valid,True,False,call_count,credit_assignment,0.0
c0147c17-efc0-44df-abbf-d32e2f988f91,False,1,initial_tool_selection,invalid,,True,call_count,tool_selection_data,1,initial_tool_selection,invalid,,False,call_count,credit_assignment,0.0
c0ab62f4-2759-41d1-b6f9-62d17fc544ba,False,1,argument_values,valid,True,True,executability,outcome_reward,1,argument_values,valid,True,True,executability,no_change,0.09999999999999998
c1e4dbf0-d977-421b-a4f6-cd56648af12d,True,1,valid_shorter_path,valid,True,False,call_count,credit_assignment,1,valid_shorter_path,valid,True,False,call_count,credit_assignment,0.04999999999999993
c28f3807-67fa-4513-8fdc-7802409d49d9,False,2,argument_values,valid,True,False,call_count,credit_assignment,2,valid_shorter_path,valid,True,False,call_count,credit_assignment,0.0
c2fac0c6-f7a1-487c-8c52-d8be210cc007,False,4,valid_shorter_path,valid,True,False,call_count,credit_assignment,4,wrong_final_answer,invalid,True,True,terminal_outcome,outcome_reward,0.0
c35dfbfd-76ae-45d3-a7b2-7a46c10936df,False,5,argument_values,not_applicable,True,True,argument_values,targeted_semantic_sft,,executable_wrong_global_plan,not_applicable,,True,terminal_outcome,outcome_reward,0.09999999999999998
c3897a83-c732-4035-ba9e-558436c70b9a,False,2,premature_stop,invalid,True,True,call_count,process_reward,2,later_tool_selection,invalid,True,True,call_count,tool_selection_data,0.09999999999999998
c45bbf72-32c6-4281-927e-ad69291df73d,False,1,argument_values,invalid,False,True,terminal_outcome,outcome_reward,1,argument_values,invalid,False,True,argument_values,targeted_semantic_sft,0.0
c56b7af3-ffea-413b-b27a-131611ecc3dc,False,2,later_tool_selection,valid,True,True,tool_name,targeted_semantic_sft,2,later_tool_selection,valid,True,False,call_count,credit_assignment,0.0
c5877c48-14f3-4ca5-a211-18e00054e484,False,,valid_shorter_path,valid,,True,none,no_change,,unclear,not_applicable,,,none,no_change,0.0
c5f39bd0-95b9-4db8-b487-739ff47c120c,False,1,executable_wrong_global_plan,invalid,False,True,executability,tool_selection_data,3,argument_values,not_applicable,True,True,executability,no_change,0.04999999999999993
c641d5f3-909f-4a6b-b03b-8227ce77eeb0,False,1,premature_stop,valid,True,False,call_count,credit_assignment,0,initial_tool_selection,valid,,False,tool_name,tool_selection_data,0.04999999999999993
c869fe14-c0ef-4c6e-89b1-b69f44f63b9d,False,1,initial_tool_selection,invalid,,False,call_count,tool_selection_data,1,valid_shorter_path,valid,True,False,call_count,credit_assignment,0.0
c8a52dc3-691c-46e4-b4f2-a1ab8097cc5a,False,2,later_tool_selection,valid,True,False,call_count,credit_assignment,2,later_tool_selection,valid,False,True,executability,tool_selection_data,0.0
c9cabae3-811e-4e9f-87d8-92cb861e3045,True,5,argument_values,not_applicable,False,True,argument_values,observation_grounding_data,5,argument_values,not_applicable,False,True,argument_values,observation_grounding_data,0.0
ca30039f-334d-4462-8912-ff7996912bb9,False,3,valid_shorter_path,valid,True,False,call_count,outcome_reward,3,valid_shorter_path,valid,True,True,none,no_change,0.09999999999999998
cc913e65-ef94-4fb4-a4b2-d420e02ab4be,False,1,initial_tool_selection,not_applicable,,True,terminal_outcome,outcome_reward,1,executable_wrong_global_plan,invalid,,,terminal_outcome,targeted_semantic_sft,0.0
cd96c9ad-13d1-4596-b577-a295e45ba976,False,,argument_values,not_applicable,,True,argument_values,observation_grounding_data,,argument_values,not_applicable,False,True,argument_values,observation_grounding_data,0.0
cdfc6ae1-e182-443e-b66e-1162b3d38a03,False,1,initial_tool_selection,valid,True,True,tool_name,tool_selection_data,1,later_tool_selection,valid,True,False,tool_name,tool_selection_data,0.09999999999999998
d1f76894-c9d3-4419-bdf3-792935fe9214,False,2,argument_values,not_applicable,True,False,argument_values,outcome_reward,2,argument_values,not_applicable,False,False,argument_values,observation_grounding_data,0.0
d448887d-7cc2-4ae2-90d4-a5b97f5dddc9,False,3,wrong_output_field,not_applicable,False,True,terminal_outcome,observation_grounding_data,3,wrong_final_answer,not_applicable,True,False,terminal_outcome,outcome_reward,0.04999999999999993
d68f72eb-874c-4304-afe3-f7739de46e8f,False,2,premature_stop,invalid,True,True,call_count,process_reward,2,premature_stop,invalid,,True,call_count,no_change,0.09999999999999998
d8f8b942-c7da-4cab-a2c0-419f79e18431,False,1,valid_shorter_path,valid,True,True,call_count,credit_assignment,1,valid_shorter_path,valid,True,False,call_count,credit_assignment,0.0
db8d72af-7a1a-4201-a376-4b827b0162df,False,2,premature_stop,valid,True,True,call_count,credit_assignment,2,premature_stop,invalid,False,True,call_count,credit_assignment,0.04999999999999993
dffcc85f-cd59-49b3-9d00-c78322445bce,False,2,wrong_output_field,not_applicable,True,False,executability,credit_assignment,2,argument_values,not_applicable,False,True,argument_values,observation_grounding_data,0.09999999999999998
e089d36f-ab1f-48e9-b547-c525f2e5f214,False,,wrong_final_answer,not_applicable,,True,terminal_outcome,terminal_classification,,wrong_final_answer,not_applicable,True,True,terminal_outcome,terminal_classification,0.09999999999999998
e3f3049a-021f-4f90-9c4e-640aaf4519c4,False,1,initial_tool_selection,not_applicable,True,False,tool_name,tool_selection_data,1,initial_tool_selection,not_applicable,True,False,tool_name,credit_assignment,0.0
e409ff80-64e3-43f1-aacb-2d552908e8ea,False,1,reward_mismatch,valid,True,False,terminal_outcome,outcome_reward,1,argument_values,valid,True,False,terminal_outcome,no_change,0.0
e415b98a-78ec-4b97-b20c-9ae8ca78333d,False,1,initial_tool_selection,not_applicable,,True,tool_name,tool_selection_data,,initial_tool_selection,not_applicable,,True,tool_name,tool_selection_data,0.09999999999999998
e53a50d4-dc11-4d47-81b5-14269953bf92,False,1,initial_tool_selection,invalid,True,False,tool_name,tool_selection_data,1,initial_tool_selection,invalid,True,True,tool_name,tool_selection_data,0.0
e5908a48-4f50-4df2-8ca0-c32ed32177fb,False,4,premature_stop,invalid,True,False,call_count,targeted_semantic_sft,4,argument_values,invalid,False,False,call_count,credit_assignment,0.09999999999999998
e5eb37ac-bd11-4a84-82a3-588c93ba7712,False,1,initial_tool_selection,valid,True,True,tool_name,no_change,1,valid_shorter_path,valid,True,False,call_count,credit_assignment,0.0
e6f87834-9065-4acb-b170-34e171f97465,True,1,valid_shorter_path,valid,True,True,call_count,credit_assignment,1,valid_shorter_path,valid,True,True,call_count,credit_assignment,0.09999999999999998
e70a9854-a413-497f-8abe-74b3b1a63bc7,False,,valid_shorter_path,valid,True,False,call_count,credit_assignment,,valid_shorter_path,valid,,True,none,no_change,0.050000000000000044
e70bd2c9-99af-410a-bc6d-61a65e00f7d8,True,1,valid_shorter_path,valid,True,False,call_count,credit_assignment,1,valid_shorter_path,valid,True,False,call_count,credit_assignment,0.09999999999999998
e8605b92-ee9a-4265-9c3c-aa4bc3a691e9,False,,executable_wrong_global_plan,invalid,,True,terminal_outcome,targeted_semantic_sft,,wrong_final_answer,not_applicable,,True,terminal_outcome,outcome_reward,0.0
eaf68218-8055-4028-a3f6-680f01370097,False,,valid_shorter_path,valid,True,False,call_count,credit_assignment,,unclear,not_applicable,,,none,no_change,0.0
eb98f598-754c-4117-b630-dc58914f2a4d,False,,valid_shorter_path,valid,True,False,call_count,credit_assignment,,evaluator_or_data_inconsistency,not_applicable,,,unclear,evaluator_or_data_fix,0.09999999999999998
ec600a06-e26f-467a-900e-f02aa2588c2b,False,2,valid_shorter_path,valid,True,False,call_count,credit_assignment,2,argument_values,not_applicable,True,False,argument_values,no_change,0.0
ec654414-df15-4621-9b4d-3570a4ae6864,True,2,wrong_final_answer,not_applicable,True,False,terminal_outcome,terminal_classification,2,wrong_final_answer,not_applicable,True,False,terminal_outcome,terminal_classification,0.09999999999999998
ed95f1e2-dbf9-48ff-bf72-de405356a89b,False,1,valid_shorter_path,valid,True,False,call_count,outcome_reward,1,wrong_final_answer,valid,True,False,terminal_outcome,outcome_reward,0.0
ef29201e-ebf0-47cc-8228-3f68241ef6f5,False,4,valid_shorter_path,valid,True,False,argument_values,credit_assignment,,valid_shorter_path,valid,True,False,call_count,credit_assignment,0.050000000000000044
efab9973-cf02-46ff-91ca-bcfc978f1060,False,,valid_shorter_path,valid,,False,call_count,credit_assignment,,unclear,not_applicable,,,none,no_change,0.0
f3bf492e-464a-4b3c-be74-26ece6059721,False,3,argument_values,invalid,False,False,argument_values,targeted_semantic_sft,3,premature_stop,invalid,True,True,call_count,process_reward,0.04999999999999993
f50c216d-76ee-4609-8fd7-5e6efeb01927,False,,valid_shorter_path,valid,True,False,call_count,credit_assignment,,unclear,not_applicable,,,none,no_change,0.0
f62eee65-6d86-4fab-a3ab-1ebb99222f65,False,2,later_tool_selection,invalid,True,True,call_count,credit_assignment,2,later_tool_selection,invalid,True,False,terminal_outcome,outcome_reward,0.0
f66f39fa-83da-43b8-8f2c-bbbcb4661a5d,False,1,valid_shorter_path,valid,,False,terminal_outcome,terminal_classification,1,valid_shorter_path,valid,True,False,call_count,credit_assignment,0.0
f8392a35-50dc-44a0-bd97-d824c0b58c4f,False,3,valid_shorter_path,valid,True,False,call_count,outcome_reward,3,valid_shorter_path,valid,True,False,argument_values,credit_assignment,0.09999999999999998
f88cace8-b7e7-4985-a330-f2d39bc256ea,False,2,valid_shorter_path,valid,True,False,call_count,credit_assignment,,valid_shorter_path,valid,True,False,argument_values,credit_assignment,0.050000000000000044
f8fdce32-9e0f-4f9c-bd0d-15dfce117a71,False,5,wrong_final_answer,valid,True,True,terminal_outcome,no_change,5,wrong_output_field,invalid,False,True,terminal_outcome,terminal_classification,0.0
f931b90f-061b-49a6-807e-c760811bcbbc,False,2,premature_stop,invalid,True,False,call_count,credit_assignment,2,premature_stop,invalid,True,True,terminal_outcome,no_change,0.09999999999999998
fa47c82a-60bf-4ff0-bcf7-d7b41fe795c4,False,5,valid_shorter_path,valid,True,False,call_count,credit_assignment,5,valid_shorter_path,valid,True,False,argument_values,no_change,0.0
fc0ea07a-cf46-4011-a262-df20234c75e6,False,2,argument_values,not_applicable,False,False,argument_values,credit_assignment,2,evaluator_or_data_inconsistency,not_applicable,True,False,terminal_outcome,evaluator_or_data_fix,0.0
fc7d9c59-0aad-43be-a2ef-6d5b00633f30,True,2,wrong_final_answer,not_applicable,True,False,terminal_outcome,outcome_reward,2,wrong_final_answer,not_applicable,True,False,terminal_outcome,outcome_reward,0.09999999999999998
fd03dd17-e388-4fd6-ad21-fac7bfe0b176,False,1,reward_mismatch,valid,,False,call_count,credit_assignment,1,valid_shorter_path,valid,,False,call_count,credit_assignment,0.0
fdb9997f-23ee-4897-b6b5-cb8d56de2bb8,False,1,valid_shorter_path,valid,True,True,call_count,credit_assignment,1,valid_shorter_path,valid,True,False,call_count,credit_assignment,0.0
fe3ebaf1-4861-425f-a681-3ed6815e4f24,True,1,initial_tool_selection,valid,True,False,call_count,credit_assignment,1,initial_tool_selection,valid,True,False,call_count,credit_assignment,0.0
fe72229a-2b0d-4eb4-8ba9-1e5179ff5029,False,2,later_tool_selection,valid,True,True,tool_name,tool_selection_data,2,later_tool_selection,valid,True,False,call_count,credit_assignment,0.0
ff6f567d-265a-4ac1-9e31-35d964ed83d9,True,1,initial_tool_selection,not_applicable,True,True,tool_name,tool_selection_data,1,initial_tool_selection,not_applicable,True,True,tool_name,tool_selection_data,0.09999999999999998
ffc20e46-5975-4bc7-b0d5-23f712931223,False,2,later_tool_selection,invalid,True,True,terminal_outcome,tool_selection_data,2,argument_values,invalid,True,True,argument_values,observation_grounding_data,0.0
